{
	"format_version": "1.21.6",
	"credit": "Made with Blockbench",
	"texture_size": [64, 64],
	"textures": {
		"0": "terf:item/model/mcfr_segment",
		"particle": "terf:item/model/mcfr_segment"
	},
	"elements": [
		{
			"from": [0, 0, 0],
			"to": [32, 16, 16],
			"rotation": {"angle": 0, "axis": "y", "origin": [8, 8, 8]},
			"faces": {
				"north": {"uv": [0, 4, 4, 6], "texture": "#0"},
				"east": {"uv": [4, 0, 6, 2], "texture": "#0"},
				"south": {"uv": [0, 0, 4, 2], "texture": "#0"},
				"west": {"uv": [4, 4, 2, 6], "texture": "#0"},
				"up": {"uv": [0, 4, 2, 0], "rotation": 90, "texture": "#0"},
				"down": {"uv": [0, 0, 2, 4], "rotation": 270, "texture": "#0"}
			}
		},
		{
			"from": [0, 0, 16],
			"to": [16, 16, 32],
			"rotation": {"angle": 0, "axis": "y", "origin": [8, 8, 8]},
			"faces": {
				"north": {"uv": [2, 0, 4, 2], "texture": "#0"},
				"east": {"uv": [4, 0, 2, 2], "texture": "#0"},
				"south": {"uv": [2, 0, 4, 2], "texture": "#0"},
				"west": {"uv": [2, 4, 0, 6], "texture": "#0"},
				"up": {"uv": [2, 4, 0, 2], "rotation": 180, "texture": "#0"},
				"down": {"uv": [2, 2, 0, 4], "rotation": 180, "texture": "#0"}
			}
		},
		{
			"from": [19, 1, -3],
			"to": [30, 3, 19],
			"rotation": {"angle": -45, "axis": "y", "origin": [8, 2, 8]},
			"faces": {
				"north": {"uv": [2, 3.625, 4.75, 3.875], "texture": "#0"},
				"east": {"uv": [2, 3.375, 4.75, 3.625], "texture": "#0"},
				"south": {"uv": [2, 3.625, 4.75, 3.875], "texture": "#0"},
				"west": {"uv": [2, 3.625, 4.75, 3.875], "texture": "#0"},
				"up": {"uv": [4.75, 3.375, 2, 2], "rotation": 90, "texture": "#0"},
				"down": {"uv": [2, 3.375, 4.75, 2], "rotation": 90, "texture": "#0"}
			}
		},
		{
			"from": [19, 1, -3],
			"to": [30, 3, 19],
			"rotation": {"angle": -45, "axis": "y", "origin": [8, 2, 8]},
			"faces": {
				"north": {"uv": [2, 3.625, 4.75, 3.875], "texture": "#0"},
				"east": {"uv": [2, 3.375, 4.75, 3.625], "texture": "#0"},
				"south": {"uv": [2, 3.625, 4.75, 3.875], "texture": "#0"},
				"west": {"uv": [2, 3.625, 4.75, 3.875], "texture": "#0"},
				"up": {"uv": [4.75, 3.375, 2, 2], "rotation": 90, "texture": "#0"},
				"down": {"uv": [2, 3.375, 4.75, 2], "rotation": 90, "texture": "#0"}
			}
		},
		{
			"from": [19, 5, -3],
			"to": [30, 7, 19],
			"rotation": {"angle": -45, "axis": "y", "origin": [8, 6, 8]},
			"faces": {
				"north": {"uv": [2, 3.625, 4.75, 3.875], "texture": "#0"},
				"east": {"uv": [2, 3.375, 4.75, 3.625], "texture": "#0"},
				"south": {"uv": [2, 3.625, 4.75, 3.875], "texture": "#0"},
				"west": {"uv": [2, 3.625, 4.75, 3.875], "texture": "#0"},
				"up": {"uv": [4.75, 3.375, 2, 2], "rotation": 90, "texture": "#0"},
				"down": {"uv": [2, 3.375, 4.75, 2], "rotation": 90, "texture": "#0"}
			}
		},
		{
			"from": [19, 9, -3],
			"to": [30, 11, 19],
			"rotation": {"angle": -45, "axis": "y", "origin": [8, 10, 8]},
			"faces": {
				"north": {"uv": [2, 3.625, 4.75, 3.875], "texture": "#0"},
				"east": {"uv": [2, 3.375, 4.75, 3.625], "texture": "#0"},
				"south": {"uv": [2, 3.625, 4.75, 3.875], "texture": "#0"},
				"west": {"uv": [2, 3.625, 4.75, 3.875], "texture": "#0"},
				"up": {"uv": [4.75, 3.375, 2, 2], "rotation": 90, "texture": "#0"},
				"down": {"uv": [2, 3.375, 4.75, 2], "rotation": 90, "texture": "#0"}
			}
		},
		{
			"from": [19, 13, -3],
			"to": [30, 15, 19],
			"rotation": {"angle": -45, "axis": "y", "origin": [8, 14, 8]},
			"faces": {
				"north": {"uv": [2, 3.625, 4.75, 3.875], "texture": "#0"},
				"east": {"uv": [2, 3.375, 4.75, 3.625], "texture": "#0"},
				"south": {"uv": [2, 3.625, 4.75, 3.875], "texture": "#0"},
				"west": {"uv": [2, 3.625, 4.75, 3.875], "texture": "#0"},
				"up": {"uv": [4.75, 3.375, 2, 2], "rotation": 90, "texture": "#0"},
				"down": {"uv": [2, 3.375, 4.75, 2], "rotation": 90, "texture": "#0"}
			}
		}
	],
	"display": {
		"thirdperson_righthand": {
			"rotation": [75, 45, 0],
			"translation": [0, 2.5, 0],
			"scale": [0.375, 0.375, 0.375]
		},
		"firstperson_righthand": {
			"rotation": [0, 45, 0],
			"scale": [0.4, 0.4, 0.4]
		},
		"ground": {
			"translation": [0, 3, 0],
			"scale": [0.25, 0.25, 0.25]
		},
		"gui": {
			"rotation": [30, -135, 0],
			"translation": [2.5, 0, 0],
			"scale": [0.44, 0.44, 0.44]
		}
	}
}