{
	"credit": "Made with Blockbench",
	"texture_size": [64, 64],
	"textures": {
		"0": "block/fuel_rod_assembly",
		"particle": "block/control_rod",
		"1_0": "block/control_rod"
	},
	"elements": [
		{
			"from": [13, 1, 13],
			"to": [15, 17, 15],
			"rotation": {"angle": 0, "axis": "y", "origin": [-1, 15, -1]},
			"faces": {
				"north": {"uv": [0, 8, 0.5, 12], "texture": "#0"},
				"east": {"uv": [8, 0, 8.5, 4], "texture": "#0"},
				"south": {"uv": [0.5, 8, 1, 12], "texture": "#0"},
				"west": {"uv": [1, 8, 1.5, 12], "texture": "#0"},
				"up": {"uv": [8.5, 6, 8, 5.5], "texture": "#0"},
				"down": {"uv": [8.5, 6, 8, 6.5], "texture": "#0"}
			}
		},
		{
			"from": [10, 1, 13],
			"to": [12, 17, 15],
			"rotation": {"angle": 0, "axis": "y", "origin": [-4, 15, -1]},
			"faces": {
				"north": {"uv": [0, 8, 0.5, 12], "texture": "#0"},
				"east": {"uv": [8, 0, 8.5, 4], "texture": "#0"},
				"south": {"uv": [0.5, 8, 1, 12], "texture": "#0"},
				"west": {"uv": [1, 8, 1.5, 12], "texture": "#0"},
				"up": {"uv": [8.5, 6, 8, 5.5], "texture": "#0"},
				"down": {"uv": [8.5, 6, 8, 6.5], "texture": "#0"}
			}
		},
		{
			"from": [7, 1, 13],
			"to": [9, 17, 15],
			"rotation": {"angle": 0, "axis": "y", "origin": [-7, 15, -1]},
			"faces": {
				"north": {"uv": [0, 8, 0.5, 12], "texture": "#0"},
				"east": {"uv": [8, 0, 8.5, 4], "texture": "#0"},
				"south": {"uv": [0.5, 8, 1, 12], "texture": "#0"},
				"west": {"uv": [1, 8, 1.5, 12], "texture": "#0"},
				"up": {"uv": [8.5, 6, 8, 5.5], "texture": "#0"},
				"down": {"uv": [8.5, 6, 8, 6.5], "texture": "#0"}
			}
		},
		{
			"from": [4, 1, 13],
			"to": [6, 17, 15],
			"rotation": {"angle": 0, "axis": "y", "origin": [-10, 15, -1]},
			"faces": {
				"north": {"uv": [0, 8, 0.5, 12], "texture": "#0"},
				"east": {"uv": [8, 0, 8.5, 4], "texture": "#0"},
				"south": {"uv": [0.5, 8, 1, 12], "texture": "#0"},
				"west": {"uv": [1, 8, 1.5, 12], "texture": "#0"},
				"up": {"uv": [8.5, 6, 8, 5.5], "texture": "#0"},
				"down": {"uv": [8.5, 6, 8, 6.5], "texture": "#0"}
			}
		},
		{
			"from": [1, 1, 13],
			"to": [3, 17, 15],
			"rotation": {"angle": 0, "axis": "y", "origin": [-13, 15, -1]},
			"faces": {
				"north": {"uv": [0, 8, 0.5, 12], "texture": "#0"},
				"east": {"uv": [8, 0, 8.5, 4], "texture": "#0"},
				"south": {"uv": [0.5, 8, 1, 12], "texture": "#0"},
				"west": {"uv": [1, 8, 1.5, 12], "texture": "#0"},
				"up": {"uv": [8.5, 6, 8, 5.5], "texture": "#0"},
				"down": {"uv": [8.5, 6, 8, 6.5], "texture": "#0"}
			}
		},
		{
			"from": [1, 1, 10],
			"to": [3, 17, 12],
			"rotation": {"angle": 0, "axis": "y", "origin": [-13, 15, -4]},
			"faces": {
				"north": {"uv": [0, 8, 0.5, 12], "texture": "#0"},
				"east": {"uv": [8, 0, 8.5, 4], "texture": "#0"},
				"south": {"uv": [0.5, 8, 1, 12], "texture": "#0"},
				"west": {"uv": [1, 8, 1.5, 12], "texture": "#0"},
				"up": {"uv": [8.5, 6, 8, 5.5], "texture": "#0"},
				"down": {"uv": [8.5, 6, 8, 6.5], "texture": "#0"}
			}
		},
		{
			"from": [4, 1, 10],
			"to": [6, 17, 12],
			"rotation": {"angle": 0, "axis": "y", "origin": [-10, 15, -4]},
			"faces": {
				"north": {"uv": [0, 8, 0.5, 12], "texture": "#0"},
				"east": {"uv": [8, 0, 8.5, 4], "texture": "#0"},
				"south": {"uv": [0.5, 8, 1, 12], "texture": "#0"},
				"west": {"uv": [1, 8, 1.5, 12], "texture": "#0"},
				"up": {"uv": [8.5, 6, 8, 5.5], "texture": "#0"},
				"down": {"uv": [8.5, 6, 8, 6.5], "texture": "#0"}
			}
		},
		{
			"from": [7, 1, 10],
			"to": [9, 17, 12],
			"rotation": {"angle": 0, "axis": "y", "origin": [-7, 15, -4]},
			"faces": {
				"north": {"uv": [0, 8, 0.5, 12], "texture": "#0"},
				"east": {"uv": [8, 0, 8.5, 4], "texture": "#0"},
				"south": {"uv": [0.5, 8, 1, 12], "texture": "#0"},
				"west": {"uv": [1, 8, 1.5, 12], "texture": "#0"},
				"up": {"uv": [8.5, 6, 8, 5.5], "texture": "#0"},
				"down": {"uv": [8.5, 6, 8, 6.5], "texture": "#0"}
			}
		},
		{
			"from": [10, 1, 10],
			"to": [12, 17, 12],
			"rotation": {"angle": 0, "axis": "y", "origin": [-4, 15, -4]},
			"faces": {
				"north": {"uv": [0, 8, 0.5, 12], "texture": "#0"},
				"east": {"uv": [8, 0, 8.5, 4], "texture": "#0"},
				"south": {"uv": [0.5, 8, 1, 12], "texture": "#0"},
				"west": {"uv": [1, 8, 1.5, 12], "texture": "#0"},
				"up": {"uv": [8.5, 6, 8, 5.5], "texture": "#0"},
				"down": {"uv": [8.5, 6, 8, 6.5], "texture": "#0"}
			}
		},
		{
			"from": [13, 1, 10],
			"to": [15, 17, 12],
			"rotation": {"angle": 0, "axis": "y", "origin": [-1, 15, -4]},
			"faces": {
				"north": {"uv": [0, 8, 0.5, 12], "texture": "#0"},
				"east": {"uv": [8, 0, 8.5, 4], "texture": "#0"},
				"south": {"uv": [0.5, 8, 1, 12], "texture": "#0"},
				"west": {"uv": [1, 8, 1.5, 12], "texture": "#0"},
				"up": {"uv": [8.5, 6, 8, 5.5], "texture": "#0"},
				"down": {"uv": [8.5, 6, 8, 6.5], "texture": "#0"}
			}
		},
		{
			"from": [1, 1, 7],
			"to": [3, 17, 9],
			"rotation": {"angle": 0, "axis": "y", "origin": [-13, 15, -7]},
			"faces": {
				"north": {"uv": [0, 8, 0.5, 12], "texture": "#0"},
				"east": {"uv": [8, 0, 8.5, 4], "texture": "#0"},
				"south": {"uv": [0.5, 8, 1, 12], "texture": "#0"},
				"west": {"uv": [1, 8, 1.5, 12], "texture": "#0"},
				"up": {"uv": [8.5, 6, 8, 5.5], "texture": "#0"},
				"down": {"uv": [8.5, 6, 8, 6.5], "texture": "#0"}
			}
		},
		{
			"from": [4, 1, 7],
			"to": [6, 17, 9],
			"rotation": {"angle": 0, "axis": "y", "origin": [-10, 15, -7]},
			"faces": {
				"north": {"uv": [0, 8, 0.5, 12], "texture": "#0"},
				"east": {"uv": [8, 0, 8.5, 4], "texture": "#0"},
				"south": {"uv": [0.5, 8, 1, 12], "texture": "#0"},
				"west": {"uv": [1, 8, 1.5, 12], "texture": "#0"},
				"up": {"uv": [8.5, 6, 8, 5.5], "texture": "#0"},
				"down": {"uv": [8.5, 6, 8, 6.5], "texture": "#0"}
			}
		},
		{
			"from": [7, 1, 7],
			"to": [9, 17, 9],
			"rotation": {"angle": 0, "axis": "y", "origin": [-7, 15, -7]},
			"faces": {
				"north": {"uv": [0, 8, 0.5, 12], "texture": "#0"},
				"east": {"uv": [8, 0, 8.5, 4], "texture": "#0"},
				"south": {"uv": [0.5, 8, 1, 12], "texture": "#0"},
				"west": {"uv": [1, 8, 1.5, 12], "texture": "#0"},
				"up": {"uv": [8.5, 6, 8, 5.5], "texture": "#0"},
				"down": {"uv": [8.5, 6, 8, 6.5], "texture": "#0"}
			}
		},
		{
			"from": [10, 1, 7],
			"to": [12, 17, 9],
			"rotation": {"angle": 0, "axis": "y", "origin": [-4, 15, -7]},
			"faces": {
				"north": {"uv": [0, 8, 0.5, 12], "texture": "#0"},
				"east": {"uv": [8, 0, 8.5, 4], "texture": "#0"},
				"south": {"uv": [0.5, 8, 1, 12], "texture": "#0"},
				"west": {"uv": [1, 8, 1.5, 12], "texture": "#0"},
				"up": {"uv": [8.5, 6, 8, 5.5], "texture": "#0"},
				"down": {"uv": [8.5, 6, 8, 6.5], "texture": "#0"}
			}
		},
		{
			"from": [13, 1, 7],
			"to": [15, 17, 9],
			"rotation": {"angle": 0, "axis": "y", "origin": [-1, 15, -7]},
			"faces": {
				"north": {"uv": [0, 8, 0.5, 12], "texture": "#0"},
				"east": {"uv": [8, 0, 8.5, 4], "texture": "#0"},
				"south": {"uv": [0.5, 8, 1, 12], "texture": "#0"},
				"west": {"uv": [1, 8, 1.5, 12], "texture": "#0"},
				"up": {"uv": [8.5, 6, 8, 5.5], "texture": "#0"},
				"down": {"uv": [8.5, 6, 8, 6.5], "texture": "#0"}
			}
		},
		{
			"from": [1, 1, 4],
			"to": [3, 17, 6],
			"rotation": {"angle": 0, "axis": "y", "origin": [-13, 15, -10]},
			"faces": {
				"north": {"uv": [0, 8, 0.5, 12], "texture": "#0"},
				"east": {"uv": [8, 0, 8.5, 4], "texture": "#0"},
				"south": {"uv": [0.5, 8, 1, 12], "texture": "#0"},
				"west": {"uv": [1, 8, 1.5, 12], "texture": "#0"},
				"up": {"uv": [8.5, 6, 8, 5.5], "texture": "#0"},
				"down": {"uv": [8.5, 6, 8, 6.5], "texture": "#0"}
			}
		},
		{
			"from": [4, 1, 4],
			"to": [6, 17, 6],
			"rotation": {"angle": 0, "axis": "y", "origin": [-10, 15, -10]},
			"faces": {
				"north": {"uv": [0, 8, 0.5, 12], "texture": "#0"},
				"east": {"uv": [8, 0, 8.5, 4], "texture": "#0"},
				"south": {"uv": [0.5, 8, 1, 12], "texture": "#0"},
				"west": {"uv": [1, 8, 1.5, 12], "texture": "#0"},
				"up": {"uv": [8.5, 6, 8, 5.5], "texture": "#0"},
				"down": {"uv": [8.5, 6, 8, 6.5], "texture": "#0"}
			}
		},
		{
			"from": [7, 1, 4],
			"to": [9, 17, 6],
			"rotation": {"angle": 0, "axis": "y", "origin": [-7, 15, -10]},
			"faces": {
				"north": {"uv": [0, 8, 0.5, 12], "texture": "#0"},
				"east": {"uv": [8, 0, 8.5, 4], "texture": "#0"},
				"south": {"uv": [0.5, 8, 1, 12], "texture": "#0"},
				"west": {"uv": [1, 8, 1.5, 12], "texture": "#0"},
				"up": {"uv": [8.5, 6, 8, 5.5], "texture": "#0"},
				"down": {"uv": [8.5, 6, 8, 6.5], "texture": "#0"}
			}
		},
		{
			"from": [10, 1, 4],
			"to": [12, 17, 6],
			"rotation": {"angle": 0, "axis": "y", "origin": [-4, 15, -10]},
			"faces": {
				"north": {"uv": [0, 8, 0.5, 12], "texture": "#0"},
				"east": {"uv": [8, 0, 8.5, 4], "texture": "#0"},
				"south": {"uv": [0.5, 8, 1, 12], "texture": "#0"},
				"west": {"uv": [1, 8, 1.5, 12], "texture": "#0"},
				"up": {"uv": [8.5, 6, 8, 5.5], "texture": "#0"},
				"down": {"uv": [8.5, 6, 8, 6.5], "texture": "#0"}
			}
		},
		{
			"from": [13, 1, 4],
			"to": [15, 17, 6],
			"rotation": {"angle": 0, "axis": "y", "origin": [-1, 15, -10]},
			"faces": {
				"north": {"uv": [0, 8, 0.5, 12], "texture": "#0"},
				"east": {"uv": [8, 0, 8.5, 4], "texture": "#0"},
				"south": {"uv": [0.5, 8, 1, 12], "texture": "#0"},
				"west": {"uv": [1, 8, 1.5, 12], "texture": "#0"},
				"up": {"uv": [8.5, 6, 8, 5.5], "texture": "#0"},
				"down": {"uv": [8.5, 6, 8, 6.5], "texture": "#0"}
			}
		},
		{
			"from": [1, 1, 1],
			"to": [3, 17, 3],
			"rotation": {"angle": 0, "axis": "y", "origin": [-13, 15, -13]},
			"faces": {
				"north": {"uv": [0, 8, 0.5, 12], "texture": "#0"},
				"east": {"uv": [8, 0, 8.5, 4], "texture": "#0"},
				"south": {"uv": [0.5, 8, 1, 12], "texture": "#0"},
				"west": {"uv": [1, 8, 1.5, 12], "texture": "#0"},
				"up": {"uv": [8.5, 6, 8, 5.5], "texture": "#0"},
				"down": {"uv": [8.5, 6, 8, 6.5], "texture": "#0"}
			}
		},
		{
			"from": [4, 1, 1],
			"to": [6, 17, 3],
			"rotation": {"angle": 0, "axis": "y", "origin": [-10, 15, -13]},
			"faces": {
				"north": {"uv": [0, 8, 0.5, 12], "texture": "#0"},
				"east": {"uv": [8, 0, 8.5, 4], "texture": "#0"},
				"south": {"uv": [0.5, 8, 1, 12], "texture": "#0"},
				"west": {"uv": [1, 8, 1.5, 12], "texture": "#0"},
				"up": {"uv": [8.5, 6, 8, 5.5], "texture": "#0"},
				"down": {"uv": [8.5, 6, 8, 6.5], "texture": "#0"}
			}
		},
		{
			"from": [7, 1, 1],
			"to": [9, 17, 3],
			"rotation": {"angle": 0, "axis": "y", "origin": [-7, 15, -13]},
			"faces": {
				"north": {"uv": [0, 8, 0.5, 12], "texture": "#0"},
				"east": {"uv": [8, 0, 8.5, 4], "texture": "#0"},
				"south": {"uv": [0.5, 8, 1, 12], "texture": "#0"},
				"west": {"uv": [1, 8, 1.5, 12], "texture": "#0"},
				"up": {"uv": [8.5, 6, 8, 5.5], "texture": "#0"},
				"down": {"uv": [8.5, 6, 8, 6.5], "texture": "#0"}
			}
		},
		{
			"from": [10, 1, 1],
			"to": [12, 17, 3],
			"rotation": {"angle": 0, "axis": "y", "origin": [-4, 15, -13]},
			"faces": {
				"north": {"uv": [0, 8, 0.5, 12], "texture": "#0"},
				"east": {"uv": [8, 0, 8.5, 4], "texture": "#0"},
				"south": {"uv": [0.5, 8, 1, 12], "texture": "#0"},
				"west": {"uv": [1, 8, 1.5, 12], "texture": "#0"},
				"up": {"uv": [8.5, 6, 8, 5.5], "texture": "#0"},
				"down": {"uv": [8.5, 6, 8, 6.5], "texture": "#0"}
			}
		},
		{
			"from": [13, 1, 1],
			"to": [15, 17, 3],
			"rotation": {"angle": 0, "axis": "y", "origin": [-1, 15, -13]},
			"faces": {
				"north": {"uv": [0, 8, 0.5, 12], "texture": "#0"},
				"east": {"uv": [8, 0, 8.5, 4], "texture": "#0"},
				"south": {"uv": [0.5, 8, 1, 12], "texture": "#0"},
				"west": {"uv": [1, 8, 1.5, 12], "texture": "#0"},
				"up": {"uv": [8.5, 6, 8, 5.5], "texture": "#0"},
				"down": {"uv": [8.5, 6, 8, 6.5], "texture": "#0"}
			}
		},
		{
			"from": [6.025, 1, 2.95],
			"to": [7.025, 17, 3.95],
			"rotation": {"angle": 0, "axis": "y", "origin": [5.025, 1, 1.95]},
			"faces": {
				"north": {"uv": [4, 0, 5, 16], "texture": "#1_0"},
				"east": {"uv": [5, 0, 6, 16], "texture": "#1_0"},
				"south": {"uv": [6, 0, 7, 16], "texture": "#1_0"},
				"west": {"uv": [7, 0, 8, 16], "texture": "#1_0"},
				"up": {"uv": [9, 3, 8, 2], "texture": "#1_0"},
				"down": {"uv": [9, 3, 8, 4], "texture": "#1_0"}
			}
		},
		{
			"from": [6.025, 1, 14.95],
			"to": [7.025, 17, 15.95],
			"rotation": {"angle": 0, "axis": "y", "origin": [5.025, 1, 13.95]},
			"faces": {
				"north": {"uv": [4, 0, 5, 16], "texture": "#1_0"},
				"east": {"uv": [5, 0, 6, 16], "texture": "#1_0"},
				"south": {"uv": [6, 0, 7, 16], "texture": "#1_0"},
				"west": {"uv": [7, 0, 8, 16], "texture": "#1_0"},
				"up": {"uv": [9, 3, 8, 2], "texture": "#1_0"},
				"down": {"uv": [9, 3, 8, 4], "texture": "#1_0"}
			}
		},
		{
			"from": [0.025, 1, 8.95],
			"to": [1.025, 17, 9.95],
			"rotation": {"angle": 0, "axis": "y", "origin": [-0.975, 1, 7.95]},
			"faces": {
				"north": {"uv": [4, 0, 5, 16], "texture": "#1_0"},
				"east": {"uv": [5, 0, 6, 16], "texture": "#1_0"},
				"south": {"uv": [6, 0, 7, 16], "texture": "#1_0"},
				"west": {"uv": [7, 0, 8, 16], "texture": "#1_0"},
				"up": {"uv": [9, 3, 8, 2], "texture": "#1_0"},
				"down": {"uv": [9, 3, 8, 4], "texture": "#1_0"}
			}
		},
		{
			"from": [6.025, 1, 8.95],
			"to": [7.025, 17, 9.95],
			"rotation": {"angle": 0, "axis": "y", "origin": [5.025, 1, 7.95]},
			"faces": {
				"north": {"uv": [4, 0, 5, 16], "texture": "#1_0"},
				"east": {"uv": [5, 0, 6, 16], "texture": "#1_0"},
				"south": {"uv": [6, 0, 7, 16], "texture": "#1_0"},
				"west": {"uv": [7, 0, 8, 16], "texture": "#1_0"},
				"up": {"uv": [9, 3, 8, 2], "texture": "#1_0"},
				"down": {"uv": [9, 3, 8, 4], "texture": "#1_0"}
			}
		},
		{
			"from": [12.025, 1, 8.95],
			"to": [13.025, 17, 9.95],
			"rotation": {"angle": 0, "axis": "y", "origin": [11.025, 1, 7.95]},
			"faces": {
				"north": {"uv": [4, 0, 5, 16], "texture": "#1_0"},
				"east": {"uv": [5, 0, 6, 16], "texture": "#1_0"},
				"south": {"uv": [6, 0, 7, 16], "texture": "#1_0"},
				"west": {"uv": [7, 0, 8, 16], "texture": "#1_0"},
				"up": {"uv": [9, 3, 8, 2], "texture": "#1_0"},
				"down": {"uv": [9, 3, 8, 4], "texture": "#1_0"}
			}
		},
		{
			"from": [12.025, 1, 2.95],
			"to": [13.025, 17, 3.95],
			"rotation": {"angle": 0, "axis": "y", "origin": [11.025, 1, 1.95]},
			"faces": {
				"north": {"uv": [0, 0, 1, 16], "texture": "#1_0"},
				"east": {"uv": [1, 0, 2, 16], "texture": "#1_0"},
				"south": {"uv": [2, 0, 3, 16], "texture": "#1_0"},
				"west": {"uv": [3, 0, 4, 16], "texture": "#1_0"},
				"up": {"uv": [9, 1, 8, 0], "texture": "#1_0"},
				"down": {"uv": [9, 1, 8, 2], "texture": "#1_0"}
			}
		},
		{
			"from": [0.025, 1, 2.95],
			"to": [1.025, 17, 3.95],
			"rotation": {"angle": 0, "axis": "y", "origin": [-0.975, 1, 1.95]},
			"faces": {
				"north": {"uv": [0, 0, 1, 16], "texture": "#1_0"},
				"east": {"uv": [1, 0, 2, 16], "texture": "#1_0"},
				"south": {"uv": [2, 0, 3, 16], "texture": "#1_0"},
				"west": {"uv": [3, 0, 4, 16], "texture": "#1_0"},
				"up": {"uv": [9, 1, 8, 0], "texture": "#1_0"},
				"down": {"uv": [9, 1, 8, 2], "texture": "#1_0"}
			}
		},
		{
			"from": [0.025, 1, 14.95],
			"to": [1.025, 17, 15.95],
			"rotation": {"angle": 0, "axis": "y", "origin": [-0.975, 1, 13.95]},
			"faces": {
				"north": {"uv": [0, 0, 1, 16], "texture": "#1_0"},
				"east": {"uv": [1, 0, 2, 16], "texture": "#1_0"},
				"south": {"uv": [2, 0, 3, 16], "texture": "#1_0"},
				"west": {"uv": [3, 0, 4, 16], "texture": "#1_0"},
				"up": {"uv": [9, 1, 8, 0], "texture": "#1_0"},
				"down": {"uv": [9, 1, 8, 2], "texture": "#1_0"}
			}
		},
		{
			"from": [12.025, 1, 14.95],
			"to": [13.025, 17, 15.95],
			"rotation": {"angle": 0, "axis": "y", "origin": [11.025, 1, 13.95]},
			"faces": {
				"north": {"uv": [0, 0, 1, 16], "texture": "#1_0"},
				"east": {"uv": [1, 0, 2, 16], "texture": "#1_0"},
				"south": {"uv": [2, 0, 3, 16], "texture": "#1_0"},
				"west": {"uv": [3, 0, 4, 16], "texture": "#1_0"},
				"up": {"uv": [9, 1, 8, 0], "texture": "#1_0"},
				"down": {"uv": [9, 1, 8, 2], "texture": "#1_0"}
			}
		}
	],
	"display": {
		"thirdperson_righthand": {
			"rotation": [75, 45, 0],
			"translation": [0, 2.5, 0],
			"scale": [0.375, 0.375, 0.375]
		},
		"firstperson_righthand": {
			"rotation": [0, 45, 0],
			"scale": [0.4, 0.4, 0.4]
		},
		"firstperson_lefthand": {
			"rotation": [0, -135, 0],
			"scale": [0.4, 0.4, 0.4]
		},
		"ground": {
			"translation": [0, 3, 0],
			"scale": [0.25, 0.25, 0.25]
		},
		"gui": {
			"rotation": [30, -135, 0],
			"scale": [0.625, 0.625, 0.625]
		},
		"fixed": {
			"scale": [0.5, 0.5, 0.5]
		}
	},
	"groups": [
		0,
		1,
		2,
		3,
		4,
		5,
		6,
		7,
		8,
		9,
		10,
		11,
		12,
		13,
		14,
		15,
		16,
		17,
		18,
		19,
		20,
		21,
		22,
		23,
		24,
		{
			"name": "control_rod",
			"origin": [8, 8, 8],
			"color": 0,
			"children": [25, 26, 27, 28, 29, 30, 31, 32, 33]
		}
	]
}